"","GBM","HNSC","KIRC","LUAD","LUSC","OV","SKCM","THCA"
"CA A.A",0.00832581001103421,0.00981750465549348,0.0125838231641692,0.0199785362488262,0.0164755631454826,0.0126021798365123,0.00136597719715438,0.00774270399047052
"CA A.C",0.00927876416892366,0.00817877094972067,0.012128487457571,0.0216553918092792,0.0155810360250468,0.0192438692098093,0.000922283873991096,0.00684931506849315
"CA A.G",0.00255792958170328,0.00607821229050279,0.00463614537627287,0.0143970027404611,0.0120517199316907,0.00596049046321526,0.000438708004925494,0.00476474091721263
"CA A.T",0.00566756946534256,0.00505027932960894,0.00695421806440931,0.0133621433088672,0.0100187037488818,0.00919618528610354,0.00068797391681498,0.00670041691483026
"CA C.A",0.00747316681713311,0.0142569832402235,0.0215249606755526,0.0413608401525459,0.0390013824510043,0.0127724795640327,0.00604719102243892,0.0111673615247171
"CA C.C",0.00752332229912729,0.0110837988826816,0.0137842536633827,0.0415333167244783,0.0275351711799626,0.0143051771117166,0.00182961179326882,0.00625372245384157
"CA C.G",0.00421306048751129,0.0107411545623836,0.00852719595993046,0.0275531323661869,0.0155810360250468,0.00579019073569482,0.00304602944328951,0.00699821322215604
"CA C.T",0.00847627645701675,0.0118137802607076,0.0173027568507327,0.034188689369694,0.0279905668049118,0.0131130790190736,0.00285160203201571,0.00640262060750447
"CA G.A",0.00571772494733674,0.0113519553072626,0.0120456991472804,0.0206157413617984,0.0183784662925917,0.010558583106267,0.000747797735668456,0.00789160214413341
"CA G.C",0.00601865783930184,0.00872998137802607,0.00997599139001573,0.0246833138498687,0.0191754086362527,0.012091280653951,0.000543399687919078,0.00506253722453842
"CA G.G",0.00295917343765674,0.00875977653631285,0.00649888235781108,0.0174919990034687,0.015727413190209,0.00476839237057221,0.000324045685456331,0.00431804645622394
"CA G.T",0.00481492627144147,0.00698696461824953,0.010017385545161,0.0152018934094785,0.0122306253557778,0.00970708446866485,0.000483575869065602,0.00565812983918999
"CA T.A",0.00682114555120875,0.0146294227188082,0.0167232386786986,0.0217368390793584,0.0203138976986257,0.0115803814713896,0.00204398047749378,0.0081893984514592
"CA T.C",0.00812518808305748,0.0150316573556797,0.015233049093468,0.0339395565435695,0.0281694722289989,0.0161784741144414,0.00291142585086919,0.00684931506849315
"CA T.G",0.00310963988363928,0.00734450651769088,0.00964483814885338,0.012121270194132,0.0213548019842238,0.00579019073569482,0.000952195783417834,0.00595592614651578
"CA T.T",0.00682114555120875,0.0137355679702048,0.0151088666280321,0.025358847089937,0.0206554444173376,0.0129427792915531,0.00202403920454262,0.00580702799285289
"CG A.A",0.00546694753736583,0.00461824953445065,0.0063333057372299,0.00622832065311129,0.00639180287875092,0.0131130790190736,0.000887386646326568,0.00327575938058368
"CG A.C",0.0041629050055171,0.00411173184357542,0.00703700637469989,0.00444606274314406,0.0051882572985281,0.00749318801089918,0.000737827099192877,0.00416914830256105
"CG A.G",0.00295917343765674,0.00272625698324022,0.00277340839473466,0.0033680841685671,0.00354558022281857,0.006641689373297,0.000807621554521933,0.00312686122692079
"CG A.T",0.00571772494733674,0.00439478584729981,0.00620912327179402,0.00464728541039842,0.00499308774497845,0.00987738419618529,0.000807621554521933,0.00506253722453842
"CG C.A",0.00451399337947638,0.005512104283054,0.00529845185859757,0.00847051608823135,0.00727006586972432,0.0126021798365123,0.00299119094267383,0.00521143537820131
"CG C.C",0.00401243855953456,0.00448417132216015,0.00612633496150344,0.00668346716237711,0.00577376595917703,0.00987738419618529,0.00260233612012623,0.00610482430017868
"CG C.G",0.00230715217173237,0.0049608938547486,0.00372547396307641,0.00648703551100975,0.00632674636090103,0.00493869209809264,0.00437212409454157,0.00476474091721263
"CG C.T",0.00586819139331929,0.00622718808193669,0.0103071446311781,0.00795308637243441,0.00736765064649915,0.0144754768392371,0.00159530183609271,0.00595592614651578
"CG G.A",0.00396228307754037,0.00394785847299814,0.00471893368656346,0.00553362334949503,0.00387086281206798,0.00766348773841962,0.000528443733205709,0.00312686122692079
"CG G.C",0.0036111947035811,0.00426070763500931,0.0044705687556917,0.00665951208294207,0.00592014312433927,0.00783378746594005,0.000867445373375409,0.00610482430017868
"CG G.G",0.00130404253184873,0.00333705772811918,0.00227667853299114,0.00494432839539296,0.00447263560217939,0.00340599455040872,0.000598238188534765,0.00223347230494342
"CG G.T",0.00366135018557528,0.00393296089385475,0.00600215249606756,0.00487725417297484,0.00432625843701716,0.010558583106267,0.000638120734437083,0.00655151876116736
"CG T.A",0.00812518808305748,0.047463687150838,0.00811325440847752,0.0233082922902972,0.0331300317150525,0.0163487738419619,0.00133606528772764,0.0199523525908279
"CG T.C",0.00707192296117966,0.0195754189944134,0.00981041476943456,0.0142436902320768,0.0168659022525819,0.017200272479564,0.00189442093036009,0.0125074449076831
"CG T.G",0.0019560637977731,0.00822346368715084,0.0031873499461876,0.00559590655602614,0.00674961372692527,0.00544959128065395,0.00110674064878932,0.00357355568790947
"CG T.T",0.0113852944126793,0.0564022346368715,0.013825647818528,0.028166382399724,0.0368545173619582,0.0272479564032698,0.00211377493282284,0.0262060750446694
"CT A.A",0.014344467850336,0.0104283054003724,0.0132875238016392,0.00989823882255994,0.00907538424005855,0.016008174386921,0.0016002871543305,0.015485407980941
"CT A.C",0.0127896479085164,0.0109199255121043,0.0125424290090239,0.00788601215001629,0.00925428966414573,0.013283378746594,0.0235007901729407,0.0201012507444908
"CT A.G",0.152422509780319,0.036707635009311,0.0331153241162348,0.0161505145551063,0.0167845816052696,0.0473433242506812,0.00388356290723818,0.0527099463966647
"CT A.T",0.0103821847727957,0.00774674115456238,0.0116317575958275,0.00611333627182308,0.00626168984305115,0.0119209809264305,0.00747299203844677,0.0134008338296605
"CT C.A",0.0186578393018357,0.018756052141527,0.0214007782101167,0.0203905636151089,0.0210132552655119,0.0143051771117166,0.0638569413078484,0.0199523525908279
"CT C.C",0.0219179456314575,0.01956052141527,0.0178408808676215,0.0148473582338399,0.0212409530779865,0.0151566757493188,0.0935744233233128,0.0195056581298392
"CT C.G",0.0913832881933995,0.044975791433892,0.0329911416507989,0.0217560031429064,0.0236968366268196,0.0510899182561308,0.0313127838515572,0.0530077427039905
"CT C.T",0.0184070618918648,0.0216312849162011,0.0187929464359632,0.0178800712903164,0.0211108400422867,0.0156675749318801,0.076429913903554,0.0192078618225134
"CT G.A",0.012137626642592,0.0131247672253259,0.0180892457984933,0.0102623560299726,0.011612588436204,0.0182220708446866,0.00164016970023281,0.0193567599761763
"CT G.C",0.0363627244457819,0.017608938547486,0.0266992300687143,0.0122218815277591,0.0140522078555745,0.0178814713896458,0.0217559287897143,0.0358844550327576
"CT G.G",0.12232922058381,0.0418175046554935,0.0293898501531584,0.0190011690078764,0.0210620476538993,0.0444482288828338,0.00377388590600681,0.0533055390113163
"CT G.T",0.0138930685123884,0.0118733705772812,0.0170957860750062,0.00999885015618712,0.00996991136049443,0.0178814713896458,0.017044803055003,0.0260571768910066
"CT T.A",0.0141438459223593,0.0738324022346369,0.0222286613130226,0.0373172227439106,0.0452956005529804,0.0236716621253406,0.096416054718853,0.0440738534842168
"CT T.C",0.015698665864179,0.0405810055865922,0.0201175594006126,0.0212960656177536,0.0368545173619582,0.0211171662125341,0.227524939054485,0.0323108993448481
"CT T.G",0.05456916440967,0.0485065176908752,0.0193724646079973,0.0181148310687798,0.0264129462470521,0.0282697547683924,0.120819187492834,0.0340976771888029
"CT T.T",0.0124887150165513,0.0452737430167598,0.0143223776802715,0.0245827025162415,0.0293730178092218,0.0180517711171662,0.0760410590810064,0.0229303156640858
"TA A.A",0.00205637476176146,0.0028901303538175,0.00302177332560642,0.00343036737509822,0.00304139220948199,0.00408719346049046,0.00113166723997826,0.00208457415128052
"TA A.C",0.00341057277560437,0.00390316573556797,0.00451196291083699,0.00361721699469155,0.00284622265593234,0.00596049046321526,0.00105688746641142,0.00565812983918999
"TA A.G",0.00356103922158692,0.00467783985102421,0.00616772911664873,0.00696134608382361,0.00609904854842645,0.00766348773841962,0.00118650574059395,0.00610482430017868
"TA A.T",0.00280870699167419,0.00309869646182495,0.00513287523801639,0.00267817788083785,0.00245588354883305,0.0061307901907357,0.00280673416787561,0.00327575938058368
"TA C.A",0.00190590831577891,0.00238361266294227,0.00343571487705936,0.00497786550660202,0.0036431649995934,0.00306539509536785,0.000573311597345817,0.00134008338296605
"TA C.C",0.00376166114956365,0.00457355679702048,0.00740955377100753,0.00682240662310036,0.00596893551272668,0.00834468664850136,0.00128621210534975,0.00342465753424658
"TA C.G",0.00647005717724947,0.00972811918063315,0.00931368490769103,0.0217320480634714,0.0159063186142962,0.0085149863760218,0.00114662319469163,0.00625372245384157
"TA C.T",0.00446383789748219,0.00545251396648045,0.00720258299528107,0.00702362929035473,0.00601772790111409,0.00800408719346049,0.00182961179326882,0.00223347230494342
"TA G.A",0.00190590831577891,0.00277094972067039,0.00364268565278583,0.00480538893466971,0.00453769212002928,0.00357629427792916,0.000583282233821396,0.00134008338296605
"TA G.C",0.00205637476176146,0.00238361266294227,0.00376686811822171,0.00364596309001361,0.0030901845978694,0.00323569482288828,0.00051847309673013,0.00193567599761763
"TA G.G",0.00235730765372655,0.00421601489757914,0.0044291746005464,0.00845135202468331,0.00670082133853785,0.00630108991825613,0.00132609465125206,0.03960690887433
"TA G.T",0.00240746313572073,0.00204096834264432,0.00273201423958937,0.00345911347042027,0.00322029763356916,0.00510899182561308,0.000922283873991096,0.002829064919595
"TA T.A",0.00125388704985455,0.00211545623836127,0.00331153241162348,0.0026494317855158,0.00265105310238269,0.0018732970027248,0.00104691682993584,0.00119118522930316
"TA T.C",0.0025077740997091,0.00271135940409683,0.00670585313353754,0.00341120331155018,0.00302512808001952,0.00561989100817439,0.00149061015309912,0.00253126861226921
"TA T.G",0.00190590831577891,0.00218994413407821,0.00484311615199934,0.00558153350836511,0.00400097584776775,0.00391689373297003,0.00105688746641142,0.00253126861226921
"TA T.T",0.00255792958170328,0.00268156424581006,0.00550542263432403,0.00286023648454418,0.00322029763356916,0.00442779291553134,0.00378884186072018,0.0026801667659321
"TC A.A",0.00767378874510984,0.0117988826815642,0.0111350277340839,0.00758896916502175,0.00891274294543385,0.0110694822888283,0.00138591847010554,0.0132519356759976
"TC A.C",0.00621927976727856,0.00446927374301676,0.0129977647156222,0.00334412908913206,0.00372448564690575,0.00817438692098093,0.00114662319469163,0.00997617629541394
"TC A.G",0.00932891965091785,0.00858100558659218,0.0128735822501863,0.00946704739272915,0.0107343254452305,0.010558583106267,0.0020340098410182,0.0122096486003574
"TC A.T",0.0109840505567258,0.00871508379888268,0.0132461296464939,0.00541863896820682,0.00621289745466374,0.0170299727520436,0.00228327575290769,0.0195056581298392
"TC C.A",0.00541679205537165,0.00411173184357542,0.0120043049921351,0.00473352369636458,0.00530210620476539,0.00493869209809264,0.00165014033670839,0.00729600952948183
"TC C.C",0.0108837395927375,0.00619739292364991,0.0216491431409885,0.00458500220386731,0.00414735301292998,0.0107288828337875,0.0020838630233961,0.0138475282906492
"TC C.G",0.0142943123683419,0.00957914338919925,0.0172199685404421,0.0106312642532723,0.0109457591282427,0.0102179836512262,0.00278180757668666,0.0190589636688505
"TC C.T",0.0103821847727957,0.00867039106145251,0.0340673896845765,0.00587857649335965,0.00722127348133691,0.00987738419618529,0.00532431987795941,0.0241215008933889
"TC G.A",0.00561741398334838,0.00610800744878957,0.0130391588707674,0.00581150227094153,0.00626168984305115,0.00800408719346049,0.00154046333547702,0.00744490768314473
"TC G.C",0.00757347778112148,0.0046927374301676,0.0160195380412286,0.00347348651808129,0.00312271285679434,0.00579019073569482,0.0015504339719526,0.00580702799285289
"TC G.G",0.00657036814123784,0.00618249534450652,0.00947926152827221,0.00563902569900922,0.00668455720907538,0.00459809264305177,0.00168005224613513,0.00759380583680762
"TC G.T",0.00817534356505166,0.00578026070763501,0.0191654938322709,0.00459937525152833,0.00531837033422786,0.00800408719346049,0.00945216337884929,0.0108695652173913
"TC T.A",0.0036111947035811,0.0030391061452514,0.00625051742693932,0.00280274429390008,0.00323656176303163,0.00374659400544959,0.00236304084471232,0.00327575938058368
"TC T.C",0.00737285585314475,0.00417132216014898,0.0136600711979468,0.00312374235832966,0.00333414653980646,0.00749318801089918,0.00262227739307739,0.00595592614651578
"TC T.G",0.00396228307754037,0.00439478584729981,0.00711979468499048,0.00400049826565225,0.00474912580304139,0.00561989100817439,0.00257242421069949,0.00982727814175104
"TC T.T",0.00652021265924366,0.00382867783985102,0.00985180892457985,0.00282190835744811,0.00387086281206798,0.00561989100817439,0.00257740952893728,0.00640262060750447
"TG A.A",0.00100310963988364,0.00104283054003724,0.00240086099842702,0.00101569536804584,0.000861998861510938,0.00255449591280654,0.00051348777849234,0.000446694460988684
"TG A.C",0.00175544186979637,0.00116201117318436,0.0050914810828711,0.00105881451102892,0.000959583638285761,0.0023841961852861,0.000633135416199293,0.000446694460988684
"TG A.G",0.00180559735179055,0.00171322160148976,0.00459475122112758,0.00162894540158295,0.00193543140603399,0.00323569482288828,0.00139090378834333,0.00119118522930316
"TG A.T",0.00180559735179055,0.00141527001862197,0.00538124016888815,0.00114984381288208,0.000910791249898349,0.00340599455040872,0.000638120734437083,0.00297796307325789
"TG C.A",0.000902798675895275,0.00101303538175047,0.00173855451610233,0.000713861367164294,0.00092705537936082,0.00204359673024523,0.000274192503078434,0.00119118522930316
"TG C.C",0.00210653024375564,0.00134078212290503,0.00397383889394817,0.00156187117916483,0.00156135642839717,0.00221389645776567,0.00108679937583816,0.00327575938058368
"TG C.G",0.00381181663155783,0.00342644320297952,0.00484311615199934,0.00468082252160748,0.00432625843701716,0.00681198910081744,0.00164016970023281,0.00446694460988684
"TG C.T",0.00260808506369746,0.00299441340782123,0.00674724728868284,0.00350702362929035,0.00312271285679434,0.00579019073569482,0.00195424474921357,0.00402025014889815
"TG G.A",0.000952954157889457,0.00128119180633147,0.00169716036095703,0.00126482819417029,0.000878262990973408,0.00221389645776567,0.000314075048980752,0.000595592614651578
"TG G.C",0.00235730765372655,0.00145996275605214,0.00248364930871761,0.00105402349514191,0.000894527120435879,0.0018732970027248,0.000503517142016761,0.00119118522930316
"TG G.G",0.00531648109138329,0.00421601489757914,0.00480172199685404,0.00339683026388915,0.00292754330324469,0.00647138964577657,0.00280174884963782,0.00223347230494342
"TG G.T",0.00205637476176146,0.00175791433891993,0.00343571487705936,0.00152833406795577,0.00134992274538505,0.00493869209809264,0.00116656446764279,0.00119118522930316
"TG T.A",0.0014043534958371,0.000938547486033519,0.00244225515357232,0.00094383012974071,0.000894527120435879,0.00136239782016349,0.000633135416199293,0.000744490768314473
"TG T.C",0.00130404253184873,0.00183240223463687,0.00596075834092226,0.00142772273432859,0.00152882816947223,0.00340599455040872,0.00120146169530732,0.0026801667659321
"TG T.G",0.00200621927976728,0.00256238361266294,0.00418080966967464,0.00248653724535751,0.00203301618280882,0.00391689373297003,0.000997063647557942,0.00238237045860631
"TG T.T",0.00290901795566255,0.00259217877094972,0.00749234208129812,0.00204576378375271,0.00232577051313328,0.00442779291553134,0.00169999351908629,0.00357355568790947
